{
	"partitions" : [
		{
			"name" : "Top",
			"pins" : [
				{
					"name" : "LED_config_finished",
					"strict" : false
				},
				{
					"name" : "vga_hsync",
					"strict" : false
				},
				{
					"name" : "vga_vsync",
					"strict" : false
				},
				{
					"name" : "vga_r[0]",
					"strict" : false
				},
				{
					"name" : "vga_r[1]",
					"strict" : false
				},
				{
					"name" : "vga_r[2]",
					"strict" : false
				},
				{
					"name" : "vga_r[3]",
					"strict" : false
				},
				{
					"name" : "vga_r[4]",
					"strict" : false
				},
				{
					"name" : "vga_r[5]",
					"strict" : false
				},
				{
					"name" : "vga_r[6]",
					"strict" : false
				},
				{
					"name" : "vga_r[7]",
					"strict" : false
				},
				{
					"name" : "vga_g[0]",
					"strict" : false
				},
				{
					"name" : "vga_g[1]",
					"strict" : false
				},
				{
					"name" : "vga_g[2]",
					"strict" : false
				},
				{
					"name" : "vga_g[3]",
					"strict" : false
				},
				{
					"name" : "vga_g[4]",
					"strict" : false
				},
				{
					"name" : "vga_g[5]",
					"strict" : false
				},
				{
					"name" : "vga_g[6]",
					"strict" : false
				},
				{
					"name" : "vga_g[7]",
					"strict" : false
				},
				{
					"name" : "vga_b[0]",
					"strict" : false
				},
				{
					"name" : "vga_b[1]",
					"strict" : false
				},
				{
					"name" : "vga_b[2]",
					"strict" : false
				},
				{
					"name" : "vga_b[3]",
					"strict" : false
				},
				{
					"name" : "vga_b[4]",
					"strict" : false
				},
				{
					"name" : "vga_b[5]",
					"strict" : false
				},
				{
					"name" : "vga_b[6]",
					"strict" : false
				},
				{
					"name" : "vga_b[7]",
					"strict" : false
				},
				{
					"name" : "vga_blank_N",
					"strict" : false
				},
				{
					"name" : "ov7670_xclk",
					"strict" : false
				},
				{
					"name" : "ov7670_sioc",
					"strict" : false
				},
				{
					"name" : "ii_gen_done",
					"strict" : false
				},
				{
					"name" : "subwin_done",
					"strict" : false
				},
				{
					"name" : "faceBox_done",
					"strict" : false
				},
				{
					"name" : "measure_performance",
					"strict" : false
				},
				{
					"name" : "ov7670_siod",
					"strict" : false
				},
				{
					"name" : "slide_sw_RESET",
					"strict" : false
				},
				{
					"name" : "ov7670_pclk",
					"strict" : false
				},
				{
					"name" : "slide_sw_resend_reg_values",
					"strict" : false
				},
				{
					"name" : "slide_sw_capture_mode",
					"strict" : false
				},
				{
					"name" : "btn_capture",
					"strict" : false
				},
				{
					"name" : "ov7670_vsync",
					"strict" : false
				},
				{
					"name" : "ov7670_href",
					"strict" : false
				},
				{
					"name" : "ov7670_data[7]",
					"strict" : false
				},
				{
					"name" : "ov7670_data[1]",
					"strict" : false
				},
				{
					"name" : "ov7670_data[2]",
					"strict" : false
				},
				{
					"name" : "ov7670_data[3]",
					"strict" : false
				},
				{
					"name" : "ov7670_data[4]",
					"strict" : false
				},
				{
					"name" : "ov7670_data[5]",
					"strict" : false
				},
				{
					"name" : "ov7670_data[6]",
					"strict" : false
				},
				{
					"name" : "ov7670_data[0]",
					"strict" : false
				}
			]
		}
	]
}